{
  "location": {
    "world": "disaster_world",
    "x": 1895.7239129507739,
    "y": 66.0,
    "z": 307.11044092522746,
    "yaw": 172.02454,
    "pitch": 14.699975
  },
  "groups": [],
  "operator": false,
  "can-fly": false,
  "walk-speed": 0.2,
  "fly-speed": 0.1
}