{
  "location": {
    "world": "world",
    "x": -912.685110759799,
    "y": 71.0,
    "z": 662.0395234574571,
    "yaw": 90.00531,
    "pitch": 15.65609
  },
  "groups": [],
  "operator": false,
  "can-fly": false,
  "walk-speed": 0.2,
  "fly-speed": 0.1
}