{
  "location": {
    "world": "world",
    "x": -1233.5238478378742,
    "y": 77.0,
    "z": 429.8882195346787,
    "yaw": 101.700745,
    "pitch": -14.550013
  },
  "groups": [],
  "operator": false,
  "can-fly": false,
  "walk-speed": 0.2,
  "fly-speed": 0.1
}