{
  "location": {
    "world": "world",
    "x": -1094.3023232302862,
    "y": 77.0,
    "z": 608.258547057351,
    "yaw": 73.35019,
    "pitch": 5.700088
  },
  "groups": [],
  "operator": false,
  "can-fly": false,
  "walk-speed": 0.2,
  "fly-speed": 0.1
}