{"textures":{"4":"modelengine:entity/fravager_chipcitums_axe"},"elements":[{"from":[7.85625,8.039354,3.2766724],"to":[7.85625,19.039352,13.776673],"faces":{"east":{"uv":[0.016,0.016,15.984,15.984],"tintindex":0,"rotation":0,"texture":"#4"},"south":{"uv":[14.016,14.016,14.984,14.984],"tintindex":0,"rotation":0,"texture":"#4"},"north":{"uv":[14.016,14.016,14.984,14.984],"tintindex":0,"rotation":0,"texture":"#4"},"west":{"uv":[15.984,0.016,0.016,15.984],"tintindex":0,"rotation":0,"texture":"#4"},"up":{"uv":[14.016,14.016,14.984,14.984],"tintindex":0,"rotation":0,"texture":"#4"},"down":{"uv":[14.016,14.016,14.984,14.984],"tintindex":0,"rotation":0,"texture":"#4"}},"rotation":{"origin":[7.85625,8.039354,8.289173],"angle":-22.5,"axis":"z"}},{"from":[7.85625,8.039354,2.7766724],"to":[7.85625,19.039352,13.776673],"faces":{"east":{"uv":[0.016,0.016,15.984,15.984],"tintindex":0,"rotation":0,"texture":"#4"},"south":{"uv":[14.016,14.016,14.984,14.984],"tintindex":0,"rotation":0,"texture":"#4"},"north":{"uv":[14.016,14.016,14.984,14.984],"tintindex":0,"rotation":0,"texture":"#4"},"west":{"uv":[15.984,0.016,0.016,15.984],"tintindex":0,"rotation":0,"texture":"#4"},"up":{"uv":[14.016,14.016,14.984,14.984],"tintindex":0,"rotation":0,"texture":"#4"},"down":{"uv":[14.016,14.016,14.984,14.984],"tintindex":0,"rotation":0,"texture":"#4"}},"rotation":{"origin":[7.85625,8.039354,8.289173],"angle":22.5,"axis":"z"}},{"from":[7.85625,8.039354,2.7766724],"to":[7.85625,20.039352,14.776673],"faces":{"east":{"uv":[0.016,0.016,15.984,15.984],"tintindex":0,"rotation":0,"texture":"#4"},"south":{"uv":[14.016,14.016,14.984,14.984],"tintindex":0,"rotation":0,"texture":"#4"},"north":{"uv":[14.016,14.016,14.984,14.984],"tintindex":0,"rotation":0,"texture":"#4"},"west":{"uv":[15.984,0.016,0.016,15.984],"tintindex":0,"rotation":0,"texture":"#4"},"up":{"uv":[14.016,14.016,14.984,14.984],"tintindex":0,"rotation":0,"texture":"#4"},"down":{"uv":[14.016,14.016,14.984,14.984],"tintindex":0,"rotation":0,"texture":"#4"}}}],"display":{"gui":{"rotation":[30,225,0]}}}