{"textures":{"1":"modelengine:entity/fallenravager"},"elements":[{"from":[5.840261,5.7101307,6.4071302],"to":[6.840261,6.7101307,7.4071302],"faces":{"east":{"uv":[8.376,7.751,8.4365,7.8115],"tintindex":0,"rotation":0,"texture":"#1"},"south":{"uv":[7.8135,8.376,7.874,8.4365],"tintindex":0,"rotation":0,"texture":"#1"},"north":{"uv":[7.6885,8.376,7.749,8.4365],"tintindex":0,"rotation":0,"texture":"#1"},"west":{"uv":[8.376,7.876,8.4365,7.9365],"tintindex":0,"rotation":0,"texture":"#1"},"up":{"uv":[8.4365,8.0615,8.376,8.001],"tintindex":0,"rotation":0,"texture":"#1"},"down":{"uv":[0.0615,8.4385,0.001,8.499],"tintindex":0,"rotation":0,"texture":"#1"}},"rotation":{"origin":[6.340261,6.7101307,5.9071302],"angle":-45.0,"axis":"z"}},{"from":[6.340261,4.4101305,6.4071302],"to":[10.340261,8.4101305,10.40713],"faces":{"east":{"uv":[3.8135,3.626,4.0615,3.874],"tintindex":0,"rotation":0,"texture":"#1"},"south":{"uv":[0.876,3.876,1.124,4.124],"tintindex":0,"rotation":0,"texture":"#1"},"north":{"uv":[3.8135,3.3135,4.0615,3.5615],"tintindex":0,"rotation":0,"texture":"#1"},"west":{"uv":[2.3135,3.876,2.5615,4.124],"tintindex":0,"rotation":0,"texture":"#1"},"up":{"uv":[3.6865,4.124,3.4385,3.876],"tintindex":0,"rotation":0,"texture":"#1"},"down":{"uv":[4.1865,0.001,3.9385,0.249],"tintindex":0,"rotation":0,"texture":"#1"}}},{"from":[5.840261,5.7101307,5.4071302],"to":[6.840261,7.7101307,6.4071302],"faces":{"east":{"uv":[7.9385,4.4385,7.999,4.5615],"tintindex":0,"rotation":0,"texture":"#1"},"south":{"uv":[4.8135,7.9385,4.874,8.0615],"tintindex":0,"rotation":0,"texture":"#1"},"north":{"uv":[4.0635,7.9385,4.124,8.0615],"tintindex":0,"rotation":0,"texture":"#1"},"west":{"uv":[4.9385,7.9385,4.999,8.0615],"tintindex":0,"rotation":0,"texture":"#1"},"up":{"uv":[8.4365,7.499,8.376,7.4385],"tintindex":0,"rotation":0,"texture":"#1"},"down":{"uv":[7.624,8.376,7.5635,8.4365],"tintindex":0,"rotation":0,"texture":"#1"}},"rotation":{"origin":[6.340261,6.7101307,5.9071302],"angle":-45.0,"axis":"z"}}],"display":{"gui":{"rotation":[30,225,0]}}}