{"textures":{"1":"modelengine:entity/fallenravager"},"elements":[{"from":[7.0,7.1636686,2.4047132],"to":[9.0,9.163669,3.4047132],"faces":{"east":{"uv":[7.6885,1.251,7.749,1.374],"tintindex":0,"rotation":0,"texture":"#1"},"south":{"uv":[6.751,4.626,6.874,4.749],"tintindex":0,"rotation":0,"texture":"#1"},"north":{"uv":[6.751,4.4385,6.874,4.5615],"tintindex":0,"rotation":0,"texture":"#1"},"west":{"uv":[7.6885,3.251,7.749,3.374],"tintindex":0,"rotation":0,"texture":"#1"},"up":{"uv":[2.9365,1.6865,2.8135,1.626],"tintindex":0,"rotation":0,"texture":"#1"},"down":{"uv":[3.4365,3.126,3.3135,3.1865],"tintindex":0,"rotation":0,"texture":"#1"}}},{"from":[6.987,8.813169,2.1042132],"to":[9.003,9.829169,4.120213],"faces":{"east":{"uv":[7.9385,2.6885,8.0615,2.749],"tintindex":0,"rotation":0,"texture":"#1"},"south":{"uv":[7.9385,2.8135,8.0615,2.874],"tintindex":0,"rotation":0,"texture":"#1"},"north":{"uv":[7.876,7.6885,7.999,7.749],"tintindex":0,"rotation":0,"texture":"#1"},"west":{"uv":[2.876,7.9385,2.999,7.999],"tintindex":0,"rotation":0,"texture":"#1"},"up":{"uv":[7.249,5.499,7.126,5.376],"tintindex":0,"rotation":0,"texture":"#1"},"down":{"uv":[7.3115,0.9385,7.1885,1.0615],"tintindex":0,"rotation":0,"texture":"#1"}},"rotation":{"origin":[6.995,9.321169,2.6997132],"angle":45.0,"axis":"x"}},{"from":[6.1,8.163669,7.404713],"to":[9.9,10.163669,10.304713],"faces":{"east":{"uv":[2.126,2.5635,2.3115,2.6865],"tintindex":0,"rotation":0,"texture":"#1"},"south":{"uv":[5.4385,1.9385,5.6865,2.0615],"tintindex":0,"rotation":0,"texture":"#1"},"north":{"uv":[5.4385,1.5635,5.6865,1.6865],"tintindex":0,"rotation":0,"texture":"#1"},"west":{"uv":[2.1885,6.001,2.374,6.124],"tintindex":0,"rotation":0,"texture":"#1"},"up":{"uv":[2.5615,5.249,2.3135,5.0635],"tintindex":0,"rotation":0,"texture":"#1"},"down":{"uv":[5.3115,2.8135,5.0635,2.999],"tintindex":0,"rotation":0,"texture":"#1"}}},{"from":[5.995,7.1586685,3.399713],"to":[10.005,9.168669,10.409713],"faces":{"east":{"uv":[4.9385,0.626,5.374,0.749],"tintindex":0,"rotation":0,"texture":"#1"},"south":{"uv":[5.4385,4.8135,5.6865,4.9365],"tintindex":0,"rotation":0,"texture":"#1"},"north":{"uv":[4.126,5.4385,4.374,5.5615],"tintindex":0,"rotation":0,"texture":"#1"},"west":{"uv":[4.9385,0.8135,5.374,0.9365],"tintindex":0,"rotation":0,"texture":"#1"},"up":{"uv":[2.624,3.4365,2.376,3.001],"tintindex":0,"rotation":0,"texture":"#1"},"down":{"uv":[3.249,2.751,3.001,3.1865],"tintindex":0,"rotation":0,"texture":"#1"}}}],"display":{"gui":{"rotation":[30,225,0]}}}