{"textures":{"0":"modelengine:entity/boneshadingravager","1":"modelengine:entity/fallenravager"},"elements":[{"from":[5.846364,2.995,5.481136],"to":[6.8563643,8.005,6.491136],"faces":{"east":{"uv":[6.626,3.626,6.6865,3.9365],"tintindex":0,"rotation":0,"texture":"#1"},"south":{"uv":[6.626,4.4385,6.6865,4.749],"tintindex":0,"rotation":0,"texture":"#1"},"north":{"uv":[2.6885,6.626,2.749,6.9365],"tintindex":0,"rotation":0,"texture":"#1"},"west":{"uv":[4.501,6.626,4.5615,6.9365],"tintindex":0,"rotation":0,"texture":"#1"},"up":{"uv":[8.4365,2.3115,8.376,2.251],"tintindex":0,"rotation":0,"texture":"#1"},"down":{"uv":[2.4365,8.376,2.376,8.4365],"tintindex":0,"rotation":0,"texture":"#1"}},"rotation":{"origin":[6.013864,5.5,5.986136],"angle":-22.5,"axis":"y"}},{"from":[6.75,2.0,6.5],"to":[9.75,4.0,9.5],"faces":{"east":{"uv":[0.504,6.5,5.496,11.996],"tintindex":0,"rotation":0,"texture":"#0"},"south":{"uv":[0.504,6.5,5.496,11.996],"tintindex":0,"rotation":0,"texture":"#0"},"north":{"uv":[0.504,6.5,5.496,11.996],"tintindex":0,"rotation":0,"texture":"#0"},"west":{"uv":[0.504,6.5,5.496,11.996],"tintindex":0,"rotation":0,"texture":"#0"},"up":{"uv":[0.504,7.0,5.496,11.996],"tintindex":0,"rotation":0,"texture":"#0"},"down":{"uv":[0.504,7.0,5.496,11.996],"tintindex":0,"rotation":0,"texture":"#0"}}},{"from":[6.0,4.0,6.0],"to":[10.0,9.0,10.0],"faces":{"east":{"uv":[2.3135,3.501,2.5615,3.8115],"tintindex":0,"rotation":0,"texture":"#1"},"south":{"uv":[3.501,3.126,3.749,3.4365],"tintindex":0,"rotation":0,"texture":"#1"},"north":{"uv":[2.001,3.4385,2.249,3.749],"tintindex":0,"rotation":0,"texture":"#1"},"west":{"uv":[3.501,3.501,3.749,3.8115],"tintindex":0,"rotation":0,"texture":"#1"},"up":{"uv":[3.249,4.3115,3.001,4.0635],"tintindex":0,"rotation":0,"texture":"#1"},"down":{"uv":[4.3115,3.9385,4.0635,4.1865],"tintindex":0,"rotation":0,"texture":"#1"}}},{"from":[5.846364,3.995,9.508864],"to":[6.8563643,9.005,10.518865],"faces":{"east":{"uv":[4.751,6.626,4.8115,6.9365],"tintindex":0,"rotation":0,"texture":"#1"},"south":{"uv":[4.876,6.626,4.9365,6.9365],"tintindex":0,"rotation":0,"texture":"#1"},"north":{"uv":[4.626,6.626,4.6865,6.9365],"tintindex":0,"rotation":0,"texture":"#1"},"west":{"uv":[5.001,6.626,5.0615,6.9365],"tintindex":0,"rotation":0,"texture":"#1"},"up":{"uv":[8.4365,2.5615,8.376,2.501],"tintindex":0,"rotation":0,"texture":"#1"},"down":{"uv":[8.4365,2.626,8.376,2.6865],"tintindex":0,"rotation":0,"texture":"#1"}},"rotation":{"origin":[6.013864,6.5,10.0138645],"angle":22.5,"axis":"y"}},{"from":[6.15,8.9375,6.15],"to":[9.85,9.637501,9.85],"faces":{"east":{"uv":[7.126,0.251,7.374,0.3115],"tintindex":0,"rotation":0,"texture":"#1"},"south":{"uv":[7.126,2.501,7.374,2.5615],"tintindex":0,"rotation":0,"texture":"#1"},"north":{"uv":[7.126,0.126,7.374,0.1865],"tintindex":0,"rotation":0,"texture":"#1"},"west":{"uv":[7.126,2.626,7.374,2.6865],"tintindex":0,"rotation":0,"texture":"#1"},"up":{"uv":[4.8115,2.499,4.5635,2.251],"tintindex":0,"rotation":0,"texture":"#1"},"down":{"uv":[3.874,4.5635,3.626,4.8115],"tintindex":0,"rotation":0,"texture":"#1"}}}],"display":{"gui":{"rotation":[30,225,0]}}}