{"textures":{"0":"modelengine:entity/boneshadingravager","1":"modelengine:entity/fallenravager"},"elements":[{"from":[6.538433,6.727953,6.5],"to":[9.538433,8.727953,9.5],"faces":{"east":{"uv":[0.004,2.004,5.996,5.996],"tintindex":0,"rotation":0,"texture":"#0"},"south":{"uv":[0.004,2.004,5.996,5.996],"tintindex":0,"rotation":0,"texture":"#0"},"north":{"uv":[0.004,2.004,5.996,5.996],"tintindex":0,"rotation":0,"texture":"#0"},"west":{"uv":[0.004,2.004,5.996,5.996],"tintindex":0,"rotation":0,"texture":"#0"},"up":{"uv":[0.004,0.004,5.996,3.996],"tintindex":0,"rotation":0,"texture":"#0"},"down":{"uv":[0.004,0.004,5.996,3.996],"tintindex":0,"rotation":0,"texture":"#0"}}},{"from":[5.244433,3.4964528,8.5435],"to":[6.232433,8.484454,9.531501],"faces":{"east":{"uv":[6.4385,0.001,6.499,0.3115],"tintindex":0,"rotation":0,"texture":"#1"},"south":{"uv":[2.4385,6.4385,2.499,6.749],"tintindex":0,"rotation":0,"texture":"#1"},"north":{"uv":[6.376,6.126,6.4365,6.4365],"tintindex":0,"rotation":0,"texture":"#1"},"west":{"uv":[6.4385,2.501,6.499,2.8115],"tintindex":0,"rotation":0,"texture":"#1"},"up":{"uv":[1.0615,8.374,1.001,8.3135],"tintindex":0,"rotation":0,"texture":"#1"},"down":{"uv":[1.1865,8.3135,1.126,8.374],"tintindex":0,"rotation":0,"texture":"#1"}},"rotation":{"origin":[5.738433,5.4904537,9.0375],"angle":22.5,"axis":"y"}},{"from":[6.038433,-0.27204704,6.0],"to":[10.038433,3.727953,10.0],"faces":{"east":{"uv":[1.501,4.1885,1.749,4.4365],"tintindex":0,"rotation":0,"texture":"#1"},"south":{"uv":[1.8135,4.1885,2.0615,4.4365],"tintindex":0,"rotation":0,"texture":"#1"},"north":{"uv":[0.876,4.1885,1.124,4.4365],"tintindex":0,"rotation":0,"texture":"#1"},"west":{"uv":[2.126,4.1885,2.374,4.4365],"tintindex":0,"rotation":0,"texture":"#1"},"up":{"uv":[2.6865,4.4365,2.4385,4.1885],"tintindex":0,"rotation":0,"texture":"#1"},"down":{"uv":[3.5615,4.1885,3.3135,4.4365],"tintindex":0,"rotation":0,"texture":"#1"}}},{"from":[9.538433,1.0279531,6.0],"to":[10.538433,2.0279531,7.0],"faces":{"east":{"uv":[2.251,8.3135,2.3115,8.374],"tintindex":0,"rotation":0,"texture":"#1"},"south":{"uv":[8.3135,2.376,8.374,2.4365],"tintindex":0,"rotation":0,"texture":"#1"},"north":{"uv":[2.126,8.3135,2.1865,8.374],"tintindex":0,"rotation":0,"texture":"#1"},"west":{"uv":[2.501,8.3135,2.5615,8.374],"tintindex":0,"rotation":0,"texture":"#1"},"up":{"uv":[2.6865,8.374,2.626,8.3135],"tintindex":0,"rotation":0,"texture":"#1"},"down":{"uv":[2.8115,8.3135,2.751,8.374],"tintindex":0,"rotation":0,"texture":"#1"}},"rotation":{"origin":[10.038433,2.0279531,5.5],"angle":45.0,"axis":"z"}},{"from":[6.238433,3.6904528,6.2374997],"to":[9.838433,7.290454,9.837501],"faces":{"east":{"uv":[4.126,0.626,4.374,0.874],"tintindex":0,"rotation":0,"texture":"#1"},"south":{"uv":[4.126,0.9385,4.374,1.1865],"tintindex":0,"rotation":0,"texture":"#1"},"north":{"uv":[0.001,4.126,0.249,4.374],"tintindex":0,"rotation":0,"texture":"#1"},"west":{"uv":[4.126,2.876,4.374,3.124],"tintindex":0,"rotation":0,"texture":"#1"},"up":{"uv":[4.374,3.4365,4.126,3.1885],"tintindex":0,"rotation":0,"texture":"#1"},"down":{"uv":[4.374,3.501,4.126,3.749],"tintindex":0,"rotation":0,"texture":"#1"}}},{"from":[5.238433,3.4904528,7.5375],"to":[6.238433,8.490454,8.5375],"faces":{"east":{"uv":[3.376,6.376,3.4365,6.6865],"tintindex":0,"rotation":0,"texture":"#1"},"south":{"uv":[3.501,6.376,3.5615,6.6865],"tintindex":0,"rotation":0,"texture":"#1"},"north":{"uv":[3.251,6.376,3.3115,6.6865],"tintindex":0,"rotation":0,"texture":"#1"},"west":{"uv":[3.626,6.376,3.6865,6.6865],"tintindex":0,"rotation":0,"texture":"#1"},"up":{"uv":[8.374,0.1865,8.3135,0.126],"tintindex":0,"rotation":0,"texture":"#1"},"down":{"uv":[8.374,0.376,8.3135,0.4365],"tintindex":0,"rotation":0,"texture":"#1"}}},{"from":[5.244433,3.4964528,6.5435],"to":[6.232433,8.484454,7.5315],"faces":{"east":{"uv":[3.876,6.376,3.9365,6.6865],"tintindex":0,"rotation":0,"texture":"#1"},"south":{"uv":[6.001,6.376,6.0615,6.6865],"tintindex":0,"rotation":0,"texture":"#1"},"north":{"uv":[3.751,6.376,3.8115,6.6865],"tintindex":0,"rotation":0,"texture":"#1"},"west":{"uv":[6.126,6.376,6.1865,6.6865],"tintindex":0,"rotation":0,"texture":"#1"},"up":{"uv":[8.374,0.874,8.3135,0.8135],"tintindex":0,"rotation":0,"texture":"#1"},"down":{"uv":[8.374,0.9385,8.3135,0.999],"tintindex":0,"rotation":0,"texture":"#1"}},"rotation":{"origin":[5.738433,5.4904537,7.0375],"angle":-22.5,"axis":"y"}},{"from":[6.032433,3.721953,9.394],"to":[7.044433,7.733953,10.405999],"faces":{"east":{"uv":[7.001,2.626,7.0615,2.874],"tintindex":0,"rotation":0,"texture":"#1"},"south":{"uv":[2.6885,7.001,2.749,7.249],"tintindex":0,"rotation":0,"texture":"#1"},"north":{"uv":[2.5635,7.001,2.624,7.249],"tintindex":0,"rotation":0,"texture":"#1"},"west":{"uv":[2.8135,7.001,2.874,7.249],"tintindex":0,"rotation":0,"texture":"#1"},"up":{"uv":[2.9365,8.374,2.876,8.3135],"tintindex":0,"rotation":0,"texture":"#1"},"down":{"uv":[3.3115,8.3135,3.251,8.374],"tintindex":0,"rotation":0,"texture":"#1"}},"rotation":{"origin":[6.538433,7.727953,9.5],"angle":-22.5,"axis":"y"}},{"from":[6.038433,5.027952,6.05],"to":[10.038433,6.027952,10.05],"faces":{"east":{"uv":[6.751,3.626,6.999,3.6865],"tintindex":0,"rotation":0,"texture":"#1"},"south":{"uv":[3.6885,6.751,3.9365,6.8115],"tintindex":0,"rotation":0,"texture":"#1"},"north":{"uv":[3.376,6.751,3.624,6.8115],"tintindex":0,"rotation":0,"texture":"#1"},"west":{"uv":[6.751,3.751,6.999,3.8115],"tintindex":0,"rotation":0,"texture":"#1"},"up":{"uv":[4.499,4.499,4.251,4.251],"tintindex":0,"rotation":0,"texture":"#1"},"down":{"uv":[4.5615,1.626,4.3135,1.874],"tintindex":0,"rotation":0,"texture":"#1"}}},{"from":[9.538433,1.0279531,5.0],"to":[10.538433,3.0279531,6.0],"faces":{"east":{"uv":[5.1885,7.876,5.249,7.999],"tintindex":0,"rotation":0,"texture":"#1"},"south":{"uv":[7.876,5.3135,7.9365,5.4365],"tintindex":0,"rotation":0,"texture":"#1"},"north":{"uv":[5.0635,7.876,5.124,7.999],"tintindex":0,"rotation":0,"texture":"#1"},"west":{"uv":[5.8135,7.876,5.874,7.999],"tintindex":0,"rotation":0,"texture":"#1"},"up":{"uv":[8.374,1.8115,8.3135,1.751],"tintindex":0,"rotation":0,"texture":"#1"},"down":{"uv":[8.374,2.001,8.3135,2.0615],"tintindex":0,"rotation":0,"texture":"#1"}},"rotation":{"origin":[10.038433,2.0279531,5.5],"angle":45.0,"axis":"z"}},{"from":[6.032433,3.721953,5.819],"to":[7.044433,7.733953,6.831],"faces":{"east":{"uv":[3.6885,7.001,3.749,7.249],"tintindex":0,"rotation":0,"texture":"#1"},"south":{"uv":[3.8135,7.001,3.874,7.249],"tintindex":0,"rotation":0,"texture":"#1"},"north":{"uv":[7.001,3.251,7.0615,3.499],"tintindex":0,"rotation":0,"texture":"#1"},"west":{"uv":[7.001,4.126,7.0615,4.374],"tintindex":0,"rotation":0,"texture":"#1"},"up":{"uv":[3.4365,8.374,3.376,8.3135],"tintindex":0,"rotation":0,"texture":"#1"},"down":{"uv":[3.5615,8.3135,3.501,8.374],"tintindex":0,"rotation":0,"texture":"#1"}},"rotation":{"origin":[6.538433,7.727953,6.725],"angle":22.5,"axis":"y"}}],"display":{"gui":{"rotation":[30,225,0]}}}