{"textures":{"1":"modelengine:entity/fallenravager"},"elements":[{"from":[6.997,8.8132,2.1042],"to":[9.0130005,9.829201,4.1201997],"faces":{"east":{"uv":[7.9385,3.4385,8.0615,3.499],"tintindex":0,"rotation":0,"texture":"#1"},"south":{"uv":[3.501,7.9385,3.624,7.999],"tintindex":0,"rotation":0,"texture":"#1"},"north":{"uv":[7.9385,3.3135,8.0615,3.374],"tintindex":0,"rotation":0,"texture":"#1"},"west":{"uv":[7.9385,3.5635,8.0615,3.624],"tintindex":0,"rotation":0,"texture":"#1"},"up":{"uv":[7.374,1.4365,7.251,1.3135],"tintindex":0,"rotation":0,"texture":"#1"},"down":{"uv":[7.374,2.1885,7.251,2.3115],"tintindex":0,"rotation":0,"texture":"#1"}},"rotation":{"origin":[9.005,9.3212,2.6996999],"angle":45.0,"axis":"x"}},{"from":[5.995,7.1587,3.3996997],"to":[10.005,9.1687,10.4097],"faces":{"east":{"uv":[4.9385,3.8135,5.374,3.9365],"tintindex":0,"rotation":0,"texture":"#1"},"south":{"uv":[5.751,4.001,5.999,4.124],"tintindex":0,"rotation":0,"texture":"#1"},"north":{"uv":[5.751,3.8135,5.999,3.9365],"tintindex":0,"rotation":0,"texture":"#1"},"west":{"uv":[4.9385,4.001,5.374,4.124],"tintindex":0,"rotation":0,"texture":"#1"},"up":{"uv":[1.0615,3.499,0.8135,3.0635],"tintindex":0,"rotation":0,"texture":"#1"},"down":{"uv":[1.374,3.0635,1.126,3.499],"tintindex":0,"rotation":0,"texture":"#1"}}},{"from":[7.0,7.1637,2.4046998],"to":[9.0,9.1637,3.4046998],"faces":{"east":{"uv":[3.0635,7.9385,3.124,8.0615],"tintindex":0,"rotation":0,"texture":"#1"},"south":{"uv":[7.251,1.126,7.374,1.249],"tintindex":0,"rotation":0,"texture":"#1"},"north":{"uv":[7.251,0.626,7.374,0.749],"tintindex":0,"rotation":0,"texture":"#1"},"west":{"uv":[3.1885,7.9385,3.249,8.0615],"tintindex":0,"rotation":0,"texture":"#1"},"up":{"uv":[8.0615,2.999,7.9385,2.9385],"tintindex":0,"rotation":0,"texture":"#1"},"down":{"uv":[3.4365,7.9385,3.3135,7.999],"tintindex":0,"rotation":0,"texture":"#1"}}},{"from":[6.1,8.1637,7.4047003],"to":[9.9,10.1637,10.3047],"faces":{"east":{"uv":[3.501,6.1885,3.6865,6.3115],"tintindex":0,"rotation":0,"texture":"#1"},"south":{"uv":[5.751,3.4385,5.999,3.5615],"tintindex":0,"rotation":0,"texture":"#1"},"north":{"uv":[5.751,3.251,5.999,3.374],"tintindex":0,"rotation":0,"texture":"#1"},"west":{"uv":[3.751,6.1885,3.9365,6.3115],"tintindex":0,"rotation":0,"texture":"#1"},"up":{"uv":[0.5615,5.4365,0.3135,5.251],"tintindex":0,"rotation":0,"texture":"#1"},"down":{"uv":[1.249,5.251,1.001,5.4365],"tintindex":0,"rotation":0,"texture":"#1"}}}],"display":{"gui":{"rotation":[30,225,0]}}}