{"textures":{"0":"modelengine:entity/boneshadingravager","1":"modelengine:entity/fallenravager"},"elements":[{"from":[9.143636,3.995,9.508864],"to":[10.153636,9.005,10.518865],"faces":{"east":{"uv":[5.376,6.626,5.4365,6.9365],"tintindex":0,"rotation":0,"texture":"#1"},"south":{"uv":[5.501,6.626,5.5615,6.9365],"tintindex":0,"rotation":0,"texture":"#1"},"north":{"uv":[5.126,6.626,5.1865,6.9365],"tintindex":0,"rotation":0,"texture":"#1"},"west":{"uv":[6.626,5.751,6.6865,6.0615],"tintindex":0,"rotation":0,"texture":"#1"},"up":{"uv":[8.4365,3.3115,8.376,3.251],"tintindex":0,"rotation":0,"texture":"#1"},"down":{"uv":[8.4365,3.376,8.376,3.4365],"tintindex":0,"rotation":0,"texture":"#1"}},"rotation":{"origin":[9.9861355,6.5,10.0138645],"angle":-22.5,"axis":"y"}},{"from":[9.143636,2.995,5.481136],"to":[10.153636,8.005,6.491136],"faces":{"east":{"uv":[6.626,6.126,6.6865,6.4365],"tintindex":0,"rotation":0,"texture":"#1"},"south":{"uv":[6.626,6.501,6.6865,6.8115],"tintindex":0,"rotation":0,"texture":"#1"},"north":{"uv":[5.876,6.626,5.9365,6.9365],"tintindex":0,"rotation":0,"texture":"#1"},"west":{"uv":[6.6885,0.001,6.749,0.3115],"tintindex":0,"rotation":0,"texture":"#1"},"up":{"uv":[8.4365,3.749,8.376,3.6885],"tintindex":0,"rotation":0,"texture":"#1"},"down":{"uv":[8.4365,3.8135,8.376,3.874],"tintindex":0,"rotation":0,"texture":"#1"}},"rotation":{"origin":[9.9861355,5.5,5.986136],"angle":22.5,"axis":"y"}},{"from":[6.25,2.0,6.5],"to":[9.25,4.0,9.5],"faces":{"east":{"uv":[5.496,6.5,0.504,11.996],"tintindex":0,"rotation":0,"texture":"#0"},"south":{"uv":[5.496,6.5,0.504,11.996],"tintindex":0,"rotation":0,"texture":"#0"},"north":{"uv":[5.496,6.5,0.504,11.996],"tintindex":0,"rotation":0,"texture":"#0"},"west":{"uv":[5.496,6.5,0.504,11.996],"tintindex":0,"rotation":0,"texture":"#0"},"up":{"uv":[5.496,7.0,0.504,11.996],"tintindex":0,"rotation":0,"texture":"#0"},"down":{"uv":[5.496,7.0,0.504,11.996],"tintindex":0,"rotation":0,"texture":"#0"}}},{"from":[6.0,4.0,6.0],"to":[10.0,9.0,10.0],"faces":{"east":{"uv":[3.751,2.5635,3.999,2.874],"tintindex":0,"rotation":0,"texture":"#1"},"south":{"uv":[3.8135,0.8135,4.0615,1.124],"tintindex":0,"rotation":0,"texture":"#1"},"north":{"uv":[0.001,3.751,0.249,4.0615],"tintindex":0,"rotation":0,"texture":"#1"},"west":{"uv":[1.6885,3.8135,1.9365,4.124],"tintindex":0,"rotation":0,"texture":"#1"},"up":{"uv":[4.499,4.8115,4.251,4.5635],"tintindex":0,"rotation":0,"texture":"#1"},"down":{"uv":[4.8115,4.501,4.5635,4.749],"tintindex":0,"rotation":0,"texture":"#1"}}},{"from":[6.15,8.9375,6.15],"to":[9.85,9.637501,9.85],"faces":{"east":{"uv":[7.126,2.876,7.374,2.9365],"tintindex":0,"rotation":0,"texture":"#1"},"south":{"uv":[7.126,3.001,7.374,3.0615],"tintindex":0,"rotation":0,"texture":"#1"},"north":{"uv":[7.126,2.751,7.374,2.8115],"tintindex":0,"rotation":0,"texture":"#1"},"west":{"uv":[7.126,3.251,7.374,3.3115],"tintindex":0,"rotation":0,"texture":"#1"},"up":{"uv":[4.1865,4.8115,3.9385,4.5635],"tintindex":0,"rotation":0,"texture":"#1"},"down":{"uv":[4.8115,4.1885,4.5635,4.4365],"tintindex":0,"rotation":0,"texture":"#1"}}}],"display":{"gui":{"rotation":[30,225,0]}}}