{"textures":{"0":"modelengine:entity/boneshadingravager","1":"modelengine:entity/fallenravager"},"elements":[{"from":[7.955567,3.721953,5.819],"to":[8.9675665,7.733953,6.831],"faces":{"east":{"uv":[4.0635,7.0635,4.124,7.3115],"tintindex":0,"rotation":0,"texture":"#1"},"south":{"uv":[4.1885,7.0635,4.249,7.3115],"tintindex":0,"rotation":0,"texture":"#1"},"north":{"uv":[3.9385,7.0635,3.999,7.3115],"tintindex":0,"rotation":0,"texture":"#1"},"west":{"uv":[7.0635,5.6885,7.124,5.9365],"tintindex":0,"rotation":0,"texture":"#1"},"up":{"uv":[8.4365,0.3115,8.376,0.251],"tintindex":0,"rotation":0,"texture":"#1"},"down":{"uv":[0.4365,8.376,0.376,8.4365],"tintindex":0,"rotation":0,"texture":"#1"}},"rotation":{"origin":[8.461567,7.727953,6.725],"angle":-22.5,"axis":"y"}},{"from":[8.761567,3.4904528,7.5375],"to":[9.761567,8.490454,8.5375],"faces":{"east":{"uv":[6.5635,2.876,6.624,3.1865],"tintindex":0,"rotation":0,"texture":"#1"},"south":{"uv":[6.5635,3.251,6.624,3.5615],"tintindex":0,"rotation":0,"texture":"#1"},"north":{"uv":[6.5635,2.501,6.624,2.8115],"tintindex":0,"rotation":0,"texture":"#1"},"west":{"uv":[6.5635,4.0635,6.624,4.374],"tintindex":0,"rotation":0,"texture":"#1"},"up":{"uv":[8.374,8.249,8.3135,8.1885],"tintindex":0,"rotation":0,"texture":"#1"},"down":{"uv":[8.374,8.3135,8.3135,8.374],"tintindex":0,"rotation":0,"texture":"#1"}}},{"from":[8.767567,3.4964528,6.5435],"to":[9.755568,8.484454,7.5315],"faces":{"east":{"uv":[6.5635,0.001,6.624,0.3115],"tintindex":0,"rotation":0,"texture":"#1"},"south":{"uv":[6.5635,1.126,6.624,1.4365],"tintindex":0,"rotation":0,"texture":"#1"},"north":{"uv":[6.501,6.376,6.5615,6.6865],"tintindex":0,"rotation":0,"texture":"#1"},"west":{"uv":[2.3135,6.5635,2.374,6.874],"tintindex":0,"rotation":0,"texture":"#1"},"up":{"uv":[8.124,8.374,8.0635,8.3135],"tintindex":0,"rotation":0,"texture":"#1"},"down":{"uv":[8.249,8.3135,8.1885,8.374],"tintindex":0,"rotation":0,"texture":"#1"}},"rotation":{"origin":[9.261567,5.4904537,7.0375],"angle":22.5,"axis":"y"}},{"from":[4.961567,5.027952,6.05],"to":[8.961567,6.027952,10.05],"faces":{"east":{"uv":[0.751,7.0635,0.999,7.124],"tintindex":0,"rotation":0,"texture":"#1"},"south":{"uv":[7.0635,1.626,7.3115,1.6865],"tintindex":0,"rotation":0,"texture":"#1"},"north":{"uv":[7.0635,0.501,7.3115,0.5615],"tintindex":0,"rotation":0,"texture":"#1"},"west":{"uv":[7.0635,1.751,7.3115,1.8115],"tintindex":0,"rotation":0,"texture":"#1"},"up":{"uv":[2.374,4.749,2.126,4.501],"tintindex":0,"rotation":0,"texture":"#1"},"down":{"uv":[2.6865,4.501,2.4385,4.749],"tintindex":0,"rotation":0,"texture":"#1"}}},{"from":[7.955567,3.721953,9.394],"to":[8.9675665,7.733953,10.405999],"faces":{"east":{"uv":[7.0635,1.876,7.124,2.124],"tintindex":0,"rotation":0,"texture":"#1"},"south":{"uv":[2.001,7.0635,2.0615,7.3115],"tintindex":0,"rotation":0,"texture":"#1"},"north":{"uv":[1.0635,7.0635,1.124,7.3115],"tintindex":0,"rotation":0,"texture":"#1"},"west":{"uv":[7.0635,3.5635,7.124,3.8115],"tintindex":0,"rotation":0,"texture":"#1"},"up":{"uv":[0.1865,8.4365,0.126,8.376],"tintindex":0,"rotation":0,"texture":"#1"},"down":{"uv":[0.3115,8.376,0.251,8.4365],"tintindex":0,"rotation":0,"texture":"#1"}},"rotation":{"origin":[8.461567,7.727953,9.5],"angle":22.5,"axis":"y"}},{"from":[5.1615667,3.6904528,6.2374997],"to":[8.761567,7.290454,9.837501],"faces":{"east":{"uv":[4.4385,3.1885,4.6865,3.4365],"tintindex":0,"rotation":0,"texture":"#1"},"south":{"uv":[4.4385,3.501,4.6865,3.749],"tintindex":0,"rotation":0,"texture":"#1"},"north":{"uv":[4.4385,2.876,4.6865,3.124],"tintindex":0,"rotation":0,"texture":"#1"},"west":{"uv":[0.751,4.501,0.999,4.749],"tintindex":0,"rotation":0,"texture":"#1"},"up":{"uv":[1.749,4.749,1.501,4.501],"tintindex":0,"rotation":0,"texture":"#1"},"down":{"uv":[2.0615,4.501,1.8135,4.749],"tintindex":0,"rotation":0,"texture":"#1"}}},{"from":[5.461567,6.727953,6.5],"to":[8.461567,8.727953,9.5],"faces":{"east":{"uv":[5.996,2.004,0.004,5.996],"tintindex":0,"rotation":0,"texture":"#0"},"south":{"uv":[5.996,2.004,0.004,5.996],"tintindex":0,"rotation":0,"texture":"#0"},"north":{"uv":[5.996,2.004,0.004,5.996],"tintindex":0,"rotation":0,"texture":"#0"},"west":{"uv":[5.996,2.004,0.004,5.996],"tintindex":0,"rotation":0,"texture":"#0"},"up":{"uv":[0.004,0.004,5.996,3.996],"tintindex":0,"rotation":0,"texture":"#0"},"down":{"uv":[0.004,0.004,5.996,3.996],"tintindex":0,"rotation":0,"texture":"#0"}}},{"from":[8.767567,3.4964528,8.5435],"to":[9.755568,8.484454,9.531501],"faces":{"east":{"uv":[6.501,6.001,6.5615,6.3115],"tintindex":0,"rotation":0,"texture":"#1"},"south":{"uv":[6.251,6.501,6.3115,6.8115],"tintindex":0,"rotation":0,"texture":"#1"},"north":{"uv":[2.9385,6.501,2.999,6.8115],"tintindex":0,"rotation":0,"texture":"#1"},"west":{"uv":[6.376,6.501,6.4365,6.8115],"tintindex":0,"rotation":0,"texture":"#1"},"up":{"uv":[8.374,7.6865,8.3135,7.626],"tintindex":0,"rotation":0,"texture":"#1"},"down":{"uv":[7.999,8.3135,7.9385,8.374],"tintindex":0,"rotation":0,"texture":"#1"}},"rotation":{"origin":[9.261567,5.4904537,9.0375],"angle":-22.5,"axis":"y"}}],"display":{"gui":{"rotation":[30,225,0]}}}