{
  "location": {
    "world": "world",
    "x": -826.6999999880791,
    "y": 53.6766136536543,
    "z": 680.4432546997036,
    "yaw": 108.89998,
    "pitch": -17.849974
  },
  "groups": [],
  "operator": false,
  "can-fly": false,
  "walk-speed": 0.2,
  "fly-speed": 0.1
}