{
  "location": {
    "world": "world",
    "x": -1.3016004745799337E7,
    "y": 222.0,
    "z": -2203.819993444451,
    "yaw": -161.7001,
    "pitch": 29.249939
  },
  "groups": [],
  "operator": true,
  "can-fly": false,
  "walk-speed": 0.2,
  "fly-speed": 0.099999
}