{
  "location": {
    "world": "world",
    "x": -1.301600219293416E7,
    "y": 70.0,
    "z": -2208.7017951466187,
    "yaw": -167.85013,
    "pitch": 19.499994
  },
  "groups": [],
  "operator": true,
  "can-fly": false,
  "walk-speed": 0.2888889,
  "fly-speed": 0.99998
}