{
  "location": {
    "world": "world",
    "x": -826.6999999880791,
    "y": 53.0,
    "z": 680.9935067359305,
    "yaw": -107.84998,
    "pitch": 12.000003
  },
  "groups": [],
  "operator": false,
  "can-fly": false,
  "walk-speed": 0.2,
  "fly-speed": 0.1
}