{
  "location": {
    "world": "world",
    "x": -822.3000000119209,
    "y": 54.0,
    "z": 676.5120584371376,
    "yaw": -93.932526,
    "pitch": 45.14937
  },
  "groups": [],
  "operator": false,
  "can-fly": false,
  "walk-speed": 0.2,
  "fly-speed": 0.1
}