{
  "location": {
    "world": "world",
    "x": -848.8990653016107,
    "y": 64.0,
    "z": 653.437970467831,
    "yaw": 88.94987,
    "pitch": 14.099983
  },
  "groups": [],
  "operator": false,
  "can-fly": false,
  "walk-speed": 0.2,
  "fly-speed": 0.1
}