{
  "location": {
    "world": "world",
    "x": -840.997874113555,
    "y": 64.0,
    "z": 666.9558920314286,
    "yaw": 166.19984,
    "pitch": 13.200027
  },
  "groups": [],
  "operator": false,
  "can-fly": false,
  "walk-speed": 0.2,
  "fly-speed": 0.1
}