{
  "location": {
    "world": "world",
    "x": -826.1573142488937,
    "y": 53.0,
    "z": 680.9831203513847,
    "yaw": -74.20902,
    "pitch": 6.8449306
  },
  "groups": [],
  "operator": false,
  "can-fly": false,
  "walk-speed": 0.2,
  "fly-speed": 0.1
}