{
  "location": {
    "world": "world",
    "x": -1274.5327561335346,
    "y": 79.0,
    "z": 535.4379956619239,
    "yaw": 35.419586,
    "pitch": 5.5928073
  },
  "groups": [],
  "operator": false,
  "can-fly": false,
  "walk-speed": 0.2,
  "fly-speed": 0.1
}