{
  "location": {
    "world": "world",
    "x": -1235.7697777165145,
    "y": 77.13419526944885,
    "z": 422.61458552869294,
    "yaw": -137.56656,
    "pitch": 3.8999789
  },
  "groups": [],
  "operator": false,
  "can-fly": false,
  "walk-speed": 0.2,
  "fly-speed": 0.1
}