{
  "location": {
    "world": "world",
    "x": -1221.4532921460138,
    "y": 77.0,
    "z": 321.30000001192093,
    "yaw": 149.80922,
    "pitch": 7.695833
  },
  "groups": [],
  "operator": false,
  "can-fly": false,
  "walk-speed": 0.2,
  "fly-speed": 0.1
}