{"textures":{"1":"modelengine:entity/fallenravager"},"elements":[{"from":[6.25,7.0,6.925],"to":[9.75,9.0,10.175],"faces":{"east":{"uv":[1.6885,2.376,1.874,2.499],"tintindex":0,"rotation":0,"texture":"#1"},"south":{"uv":[5.4385,1.0635,5.6865,1.1865],"tintindex":0,"rotation":0,"texture":"#1"},"north":{"uv":[5.4385,0.876,5.6865,0.999],"tintindex":0,"rotation":0,"texture":"#1"},"west":{"uv":[0.3135,2.5635,0.499,2.6865],"tintindex":0,"rotation":0,"texture":"#1"},"up":{"uv":[0.249,5.1865,0.001,5.001],"tintindex":0,"rotation":0,"texture":"#1"},"down":{"uv":[3.1865,5.001,2.9385,5.1865],"tintindex":0,"rotation":0,"texture":"#1"}}},{"from":[8.5,7.0,6.0],"to":[9.5,9.0,7.0],"faces":{"east":{"uv":[0.376,7.9385,0.4365,8.0615],"tintindex":0,"rotation":0,"texture":"#1"},"south":{"uv":[0.501,7.9385,0.5615,8.0615],"tintindex":0,"rotation":0,"texture":"#1"},"north":{"uv":[7.9385,0.001,7.999,0.124],"tintindex":0,"rotation":0,"texture":"#1"},"west":{"uv":[0.626,7.9385,0.6865,8.0615],"tintindex":0,"rotation":0,"texture":"#1"},"up":{"uv":[2.0615,8.4365,2.001,8.376],"tintindex":0,"rotation":0,"texture":"#1"},"down":{"uv":[8.4365,2.126,8.376,2.1865],"tintindex":0,"rotation":0,"texture":"#1"}},"rotation":{"origin":[9.0,8.0,6.5],"angle":-22.5,"axis":"y"}},{"from":[5.7706733,0.8824998,9.6797085],"to":[6.7806735,4.8925,10.689709],"faces":{"east":{"uv":[1.876,7.1885,1.9365,7.4365],"tintindex":0,"rotation":0,"texture":"#1"},"south":{"uv":[7.1885,1.876,7.249,2.124],"tintindex":0,"rotation":0,"texture":"#1"},"north":{"uv":[1.626,7.1885,1.6865,7.4365],"tintindex":0,"rotation":0,"texture":"#1"},"west":{"uv":[2.9385,7.1885,2.999,7.4365],"tintindex":0,"rotation":0,"texture":"#1"},"up":{"uv":[8.4365,5.624,8.376,5.5635],"tintindex":0,"rotation":0,"texture":"#1"},"down":{"uv":[8.4365,5.9385,8.376,5.999],"tintindex":0,"rotation":0,"texture":"#1"}},"rotation":{"origin":[6.2756734,2.8874998,10.184709],"angle":-22.5,"axis":"y"}},{"from":[8.619327,0.8824998,6.3102913],"to":[9.629327,4.8925,7.3202915],"faces":{"east":{"uv":[0.9385,7.1885,0.999,7.4365],"tintindex":0,"rotation":0,"texture":"#1"},"south":{"uv":[1.1885,7.1885,1.249,7.4365],"tintindex":0,"rotation":0,"texture":"#1"},"north":{"uv":[0.8135,7.1885,0.874,7.4365],"tintindex":0,"rotation":0,"texture":"#1"},"west":{"uv":[1.3135,7.1885,1.374,7.4365],"tintindex":0,"rotation":0,"texture":"#1"},"up":{"uv":[8.4365,5.374,8.376,5.3135],"tintindex":0,"rotation":0,"texture":"#1"},"down":{"uv":[5.499,8.376,5.4385,8.4365],"tintindex":0,"rotation":0,"texture":"#1"}},"rotation":{"origin":[9.124327,2.8874998,6.8152914],"angle":-22.5,"axis":"y"}},{"from":[8.619327,0.8824998,9.6797085],"to":[9.629327,4.8925,10.689709],"faces":{"east":{"uv":[3.1885,7.1885,3.249,7.4365],"tintindex":0,"rotation":0,"texture":"#1"},"south":{"uv":[3.3135,7.1885,3.374,7.4365],"tintindex":0,"rotation":0,"texture":"#1"},"north":{"uv":[3.0635,7.1885,3.124,7.4365],"tintindex":0,"rotation":0,"texture":"#1"},"west":{"uv":[3.4385,7.1885,3.499,7.4365],"tintindex":0,"rotation":0,"texture":"#1"},"up":{"uv":[8.4365,6.6865,8.376,6.626],"tintindex":0,"rotation":0,"texture":"#1"},"down":{"uv":[6.749,8.376,6.6885,8.4365],"tintindex":0,"rotation":0,"texture":"#1"}},"rotation":{"origin":[9.124327,2.8874998,10.184709],"angle":22.5,"axis":"y"}},{"from":[5.7706733,0.8824998,6.3102913],"to":[6.7806735,4.8925,7.3202915],"faces":{"east":{"uv":[4.3135,7.126,4.374,7.374],"tintindex":0,"rotation":0,"texture":"#1"},"south":{"uv":[5.5635,7.126,5.624,7.374],"tintindex":0,"rotation":0,"texture":"#1"},"north":{"uv":[2.4385,7.126,2.499,7.374],"tintindex":0,"rotation":0,"texture":"#1"},"west":{"uv":[5.6885,7.126,5.749,7.374],"tintindex":0,"rotation":0,"texture":"#1"},"up":{"uv":[4.8115,8.4365,4.751,8.376],"tintindex":0,"rotation":0,"texture":"#1"},"down":{"uv":[4.9365,8.376,4.876,8.4365],"tintindex":0,"rotation":0,"texture":"#1"}},"rotation":{"origin":[6.2756734,2.8874998,6.8152914],"angle":22.5,"axis":"y"}},{"from":[7.5,7.0,6.0],"to":[8.5,10.0,7.0],"faces":{"east":{"uv":[1.0635,7.376,1.124,7.5615],"tintindex":0,"rotation":0,"texture":"#1"},"south":{"uv":[7.376,1.626,7.4365,1.8115],"tintindex":0,"rotation":0,"texture":"#1"},"north":{"uv":[7.376,0.376,7.4365,0.5615],"tintindex":0,"rotation":0,"texture":"#1"},"west":{"uv":[2.001,7.376,2.0615,7.5615],"tintindex":0,"rotation":0,"texture":"#1"},"up":{"uv":[8.0615,7.374,8.001,7.3135],"tintindex":0,"rotation":0,"texture":"#1"},"down":{"uv":[8.0615,7.4385,8.001,7.499],"tintindex":0,"rotation":0,"texture":"#1"}}},{"from":[6.5,7.0,6.0],"to":[7.5,9.0,7.0],"faces":{"east":{"uv":[7.876,7.3135,7.9365,7.4365],"tintindex":0,"rotation":0,"texture":"#1"},"south":{"uv":[7.376,7.876,7.4365,7.999],"tintindex":0,"rotation":0,"texture":"#1"},"north":{"uv":[7.251,7.876,7.3115,7.999],"tintindex":0,"rotation":0,"texture":"#1"},"west":{"uv":[7.876,7.501,7.9365,7.624],"tintindex":0,"rotation":0,"texture":"#1"},"up":{"uv":[1.9365,8.4365,1.876,8.376],"tintindex":0,"rotation":0,"texture":"#1"},"down":{"uv":[8.4365,1.876,8.376,1.9365],"tintindex":0,"rotation":0,"texture":"#1"}},"rotation":{"origin":[7.0,8.0,6.5],"angle":22.5,"axis":"y"}},{"from":[5.525,4.85,6.325],"to":[9.825,6.15,10.625],"faces":{"east":{"uv":[6.751,4.9385,6.999,4.999],"tintindex":0,"rotation":0,"texture":"#1"},"south":{"uv":[6.751,5.6885,6.999,5.749],"tintindex":0,"rotation":0,"texture":"#1"},"north":{"uv":[6.751,3.876,6.999,3.9365],"tintindex":0,"rotation":0,"texture":"#1"},"west":{"uv":[6.751,5.8135,6.999,5.874],"tintindex":0,"rotation":0,"texture":"#1"},"up":{"uv":[4.624,2.8115,4.376,2.5635],"tintindex":0,"rotation":0,"texture":"#1"},"down":{"uv":[3.249,4.376,3.001,4.624],"tintindex":0,"rotation":0,"texture":"#1"}}},{"from":[6.0,1.0,6.5],"to":[9.5,5.0,10.5],"faces":{"east":{"uv":[4.251,0.3135,4.499,0.5615],"tintindex":0,"rotation":0,"texture":"#1"},"south":{"uv":[0.4385,4.251,0.6865,4.499],"tintindex":0,"rotation":0,"texture":"#1"},"north":{"uv":[4.251,0.001,4.499,0.249],"tintindex":0,"rotation":0,"texture":"#1"},"west":{"uv":[1.1885,4.251,1.4365,4.499],"tintindex":0,"rotation":0,"texture":"#1"},"up":{"uv":[4.499,2.1865,4.251,1.9385],"tintindex":0,"rotation":0,"texture":"#1"},"down":{"uv":[4.499,2.251,4.251,2.499],"tintindex":0,"rotation":0,"texture":"#1"}}},{"from":[9.75,9.0,10.175],"to":[6.25,7.0,6.925],"faces":{"east":{"uv":[0.3135,2.6865,0.499,2.5635],"tintindex":0,"rotation":0,"texture":"#1"},"south":{"uv":[5.4385,0.999,5.6865,0.876],"tintindex":0,"rotation":0,"texture":"#1"},"north":{"uv":[5.4385,1.1865,5.6865,1.0635],"tintindex":0,"rotation":0,"texture":"#1"},"west":{"uv":[1.6885,2.499,1.874,2.376],"tintindex":0,"rotation":0,"texture":"#1"},"up":{"uv":[2.9385,5.001,3.1865,5.1865],"tintindex":0,"rotation":0,"texture":"#1"},"down":{"uv":[0.001,5.1865,0.249,5.001],"tintindex":0,"rotation":0,"texture":"#1"}}},{"from":[5.725,0.0,6.5],"to":[9.825,1.0,10.525],"faces":{"east":{"uv":[6.751,1.751,6.999,1.8115],"tintindex":0,"rotation":0,"texture":"#1"},"south":{"uv":[6.751,1.876,6.999,1.9365],"tintindex":0,"rotation":0,"texture":"#1"},"north":{"uv":[6.751,1.626,6.999,1.6865],"tintindex":0,"rotation":0,"texture":"#1"},"west":{"uv":[6.751,2.001,6.999,2.0615],"tintindex":0,"rotation":0,"texture":"#1"},"up":{"uv":[3.874,4.499,3.626,4.251],"tintindex":0,"rotation":0,"texture":"#1"},"down":{"uv":[4.1865,4.251,3.9385,4.499],"tintindex":0,"rotation":0,"texture":"#1"}}}],"display":{"gui":{"rotation":[30,225,0]}}}