{"textures":{"1":"modelengine:entity/fallenravager"},"elements":[{"from":[6.366297,4.3160396,9.162752],"to":[8.374296,5.32404,10.170752],"faces":{"east":{"uv":[8.1885,4.4385,8.249,4.499],"tintindex":0,"rotation":0,"texture":"#1"},"south":{"uv":[7.8135,2.126,7.9365,2.1865],"tintindex":0,"rotation":0,"texture":"#1"},"north":{"uv":[7.8135,2.001,7.9365,2.0615],"tintindex":0,"rotation":0,"texture":"#1"},"west":{"uv":[4.5635,8.1885,4.624,8.249],"tintindex":0,"rotation":0,"texture":"#1"},"up":{"uv":[7.9365,2.3115,7.8135,2.251],"tintindex":0,"rotation":0,"texture":"#1"},"down":{"uv":[7.9365,2.376,7.8135,2.4365],"tintindex":0,"rotation":0,"texture":"#1"}},"rotation":{"origin":[8.3702965,4.8200397,9.666752],"angle":22.5,"axis":"z"}},{"from":[8.331006,6.2058578,3.7581956],"to":[9.339005,9.213858,4.766196],"faces":{"east":{"uv":[6.8135,7.4385,6.874,7.624],"tintindex":0,"rotation":0,"texture":"#1"},"south":{"uv":[6.9385,7.4385,6.999,7.624],"tintindex":0,"rotation":0,"texture":"#1"},"north":{"uv":[6.6885,7.4385,6.749,7.624],"tintindex":0,"rotation":0,"texture":"#1"},"west":{"uv":[7.0635,7.4385,7.124,7.624],"tintindex":0,"rotation":0,"texture":"#1"},"up":{"uv":[3.9365,8.249,3.876,8.1885],"tintindex":0,"rotation":0,"texture":"#1"},"down":{"uv":[4.249,8.1885,4.1885,8.249],"tintindex":0,"rotation":0,"texture":"#1"}}},{"from":[7.67686,3.937355,9.166752],"to":[8.67686,5.937355,10.166752],"faces":{"east":{"uv":[7.8135,2.501,7.874,2.624],"tintindex":0,"rotation":0,"texture":"#1"},"south":{"uv":[7.8135,2.6885,7.874,2.8115],"tintindex":0,"rotation":0,"texture":"#1"},"north":{"uv":[2.251,7.8135,2.3115,7.9365],"tintindex":0,"rotation":0,"texture":"#1"},"west":{"uv":[7.8135,2.876,7.874,2.999],"tintindex":0,"rotation":0,"texture":"#1"},"up":{"uv":[4.749,8.249,4.6885,8.1885],"tintindex":0,"rotation":0,"texture":"#1"},"down":{"uv":[8.249,4.8135,8.1885,4.874],"tintindex":0,"rotation":0,"texture":"#1"}},"rotation":{"origin":[9.67686,4.437355,9.666752],"angle":-22.5,"axis":"z"}},{"from":[7.68486,3.9413567,3.7621956],"to":[8.68486,5.9413567,4.7621956],"faces":{"east":{"uv":[7.751,7.126,7.8115,7.249],"tintindex":0,"rotation":0,"texture":"#1"},"south":{"uv":[7.8135,0.001,7.874,0.124],"tintindex":0,"rotation":0,"texture":"#1"},"north":{"uv":[7.751,6.9385,7.8115,7.0615],"tintindex":0,"rotation":0,"texture":"#1"},"west":{"uv":[7.8135,1.001,7.874,1.124],"tintindex":0,"rotation":0,"texture":"#1"},"up":{"uv":[3.5615,8.249,3.501,8.1885],"tintindex":0,"rotation":0,"texture":"#1"},"down":{"uv":[3.6865,8.1885,3.626,8.249],"tintindex":0,"rotation":0,"texture":"#1"}},"rotation":{"origin":[9.68486,4.4413567,4.2621956],"angle":-22.5,"axis":"z"}},{"from":[8.329005,6.207858,9.168752],"to":[9.325006,9.203858,10.164752],"faces":{"east":{"uv":[0.001,7.501,0.0615,7.6865],"tintindex":0,"rotation":0,"texture":"#1"},"south":{"uv":[0.126,7.501,0.1865,7.6865],"tintindex":0,"rotation":0,"texture":"#1"},"north":{"uv":[7.1885,7.4385,7.249,7.624],"tintindex":0,"rotation":0,"texture":"#1"},"west":{"uv":[0.376,7.501,0.4365,7.6865],"tintindex":0,"rotation":0,"texture":"#1"},"up":{"uv":[4.374,8.249,4.3135,8.1885],"tintindex":0,"rotation":0,"texture":"#1"},"down":{"uv":[4.499,8.1885,4.4385,8.249],"tintindex":0,"rotation":0,"texture":"#1"}}},{"from":[0.7098135,4.095755,4.6193023],"to":[3.4098134,6.795755,9.319303],"faces":{"east":{"uv":[2.3135,4.8135,2.624,4.999],"tintindex":0,"rotation":0,"texture":"#1"},"south":{"uv":[5.251,4.4385,5.4365,4.624],"tintindex":0,"rotation":0,"texture":"#1"},"north":{"uv":[3.5635,0.8135,3.749,0.999],"tintindex":0,"rotation":0,"texture":"#1"},"west":{"uv":[4.5635,4.8135,4.874,4.999],"tintindex":0,"rotation":0,"texture":"#1"},"up":{"uv":[2.8115,3.999,2.626,3.6885],"tintindex":0,"rotation":0,"texture":"#1"},"down":{"uv":[2.874,4.8135,2.6885,5.124],"tintindex":0,"rotation":0,"texture":"#1"}},"rotation":{"origin":[2.209814,7.7207546,8.469302],"angle":45.0,"axis":"z"}},{"from":[3.9646983,4.2641788,4.569302],"to":[6.764699,8.064178,9.369302],"faces":{"east":{"uv":[0.876,3.5635,1.1865,3.8115],"tintindex":0,"rotation":0,"texture":"#1"},"south":{"uv":[1.5635,5.126,1.749,5.374],"tintindex":0,"rotation":0,"texture":"#1"},"north":{"uv":[1.3135,5.126,1.499,5.374],"tintindex":0,"rotation":0,"texture":"#1"},"west":{"uv":[3.5635,2.251,3.874,2.499],"tintindex":0,"rotation":0,"texture":"#1"},"up":{"uv":[3.499,5.124,3.3135,4.8135],"tintindex":0,"rotation":0,"texture":"#1"},"down":{"uv":[5.0615,0.001,4.876,0.3115],"tintindex":0,"rotation":0,"texture":"#1"}},"rotation":{"origin":[4.3646984,5.7391777,8.469302],"angle":22.5,"axis":"z"}},{"from":[3.72188,3.596733,3.7621956],"to":[6.72188,4.596733,4.7621956],"faces":{"east":{"uv":[6.4385,8.1885,6.499,8.249],"tintindex":0,"rotation":0,"texture":"#1"},"south":{"uv":[7.501,0.376,7.6865,0.4365],"tintindex":0,"rotation":0,"texture":"#1"},"north":{"uv":[7.4385,5.501,7.624,5.5615],"tintindex":0,"rotation":0,"texture":"#1"},"west":{"uv":[8.1885,6.4385,8.249,6.499],"tintindex":0,"rotation":0,"texture":"#1"},"up":{"uv":[0.6865,7.5615,0.501,7.501],"tintindex":0,"rotation":0,"texture":"#1"},"down":{"uv":[7.6865,0.501,7.501,0.5615],"tintindex":0,"rotation":0,"texture":"#1"}}},{"from":[5.3350058,4.266966,4.469302],"to":[8.335006,9.266966,9.469302],"faces":{"east":{"uv":[3.001,1.626,3.3115,1.9365],"tintindex":0,"rotation":0,"texture":"#1"},"south":{"uv":[1.0635,4.876,1.249,5.1865],"tintindex":0,"rotation":0,"texture":"#1"},"north":{"uv":[0.4385,4.876,0.624,5.1865],"tintindex":0,"rotation":0,"texture":"#1"},"west":{"uv":[3.251,0.001,3.5615,0.3115],"tintindex":0,"rotation":0,"texture":"#1"},"up":{"uv":[5.0615,1.5615,4.876,1.251],"tintindex":0,"rotation":0,"texture":"#1"},"down":{"uv":[5.0615,1.9385,4.876,2.249],"tintindex":0,"rotation":0,"texture":"#1"}}},{"from":[6.374297,4.3200393,3.7581956],"to":[8.3822975,5.3280396,4.766196],"faces":{"east":{"uv":[8.1885,3.626,8.249,3.6865],"tintindex":0,"rotation":0,"texture":"#1"},"south":{"uv":[7.8135,1.1885,7.9365,1.249],"tintindex":0,"rotation":0,"texture":"#1"},"north":{"uv":[7.8135,0.751,7.9365,0.8115],"tintindex":0,"rotation":0,"texture":"#1"},"west":{"uv":[3.751,8.1885,3.8115,8.249],"tintindex":0,"rotation":0,"texture":"#1"},"up":{"uv":[7.9365,1.374,7.8135,1.3135],"tintindex":0,"rotation":0,"texture":"#1"},"down":{"uv":[7.9365,1.876,7.8135,1.9365],"tintindex":0,"rotation":0,"texture":"#1"}},"rotation":{"origin":[8.378298,4.8240395,4.2621956],"angle":22.5,"axis":"z"}},{"from":[1.4853903,4.160814,3.6193023],"to":[4.2853904,5.960814,10.419302],"faces":{"east":{"uv":[4.9385,1.001,5.374,1.124],"tintindex":0,"rotation":0,"texture":"#1"},"south":{"uv":[6.0635,3.251,6.249,3.374],"tintindex":0,"rotation":0,"texture":"#1"},"north":{"uv":[6.0635,3.0635,6.249,3.1865],"tintindex":0,"rotation":0,"texture":"#1"},"west":{"uv":[4.9385,1.626,5.374,1.749],"tintindex":0,"rotation":0,"texture":"#1"},"up":{"uv":[0.624,3.874,0.4385,3.4385],"tintindex":0,"rotation":0,"texture":"#1"},"down":{"uv":[1.624,3.4385,1.4385,3.874],"tintindex":0,"rotation":0,"texture":"#1"}},"rotation":{"origin":[2.8853903,5.2608147,8.969302],"angle":-22.5,"axis":"z"}},{"from":[8.335006,8.709858,3.9693022],"to":[9.335006,9.709858,4.969302],"faces":{"east":{"uv":[5.1885,8.1885,5.249,8.249],"tintindex":0,"rotation":0,"texture":"#1"},"south":{"uv":[8.1885,5.4385,8.249,5.499],"tintindex":0,"rotation":0,"texture":"#1"},"north":{"uv":[5.0635,8.1885,5.124,8.249],"tintindex":0,"rotation":0,"texture":"#1"},"west":{"uv":[5.5635,8.1885,5.624,8.249],"tintindex":0,"rotation":0,"texture":"#1"},"up":{"uv":[5.749,8.249,5.6885,8.1885],"tintindex":0,"rotation":0,"texture":"#1"},"down":{"uv":[8.249,5.751,8.1885,5.8115],"tintindex":0,"rotation":0,"texture":"#1"}},"rotation":{"origin":[8.835006,9.209858,4.469302],"angle":45.0,"axis":"x"}},{"from":[3.7298796,3.5967333,9.176409],"to":[6.7218795,4.588733,10.168409],"faces":{"east":{"uv":[6.5635,8.1885,6.624,8.249],"tintindex":0,"rotation":0,"texture":"#1"},"south":{"uv":[1.1885,7.501,1.374,7.5615],"tintindex":0,"rotation":0,"texture":"#1"},